model,AUROC,Accuracy,Precision,Recall,F1,TP,FP,TN,FN,n,threshold
v2,0.7120643850601657,0.7385892116182573,0.6379310344827587,0.4683544303797468,0.5401459854014599,37,21,141,42,241,0.5
v3,0.7483200500078138,0.7385892116182573,0.7352941176470589,0.3164556962025316,0.4424778761061947,25,9,153,54,241,0.5
v4_swa,0.7415221128301298,0.7510373443983402,0.6507936507936508,0.5189873417721519,0.5774647887323944,41,22,140,38,241,0.5
v5,0.7415221128301297,0.6680497925311203,0.4951456310679611,0.6455696202531646,0.5604395604395604,51,52,110,28,241,0.5
v6,0.9018596655727458,0.8547717842323651,0.75,0.8354430379746836,0.7904191616766467,66,22,140,13,241,0.5
