model,AUROC,Accuracy,Precision,Recall,F1,TP,FP,TN,FN,n,threshold
v2,0.6759649945303954,0.6473029045643154,0.4711538461538461,0.620253164556962,0.5355191256830601,49,55,107,30,241,0.5
v3,0.7258946710423505,0.7302904564315352,0.71875,0.2911392405063291,0.4144144144144144,23,9,153,56,241,0.5
v4_swa,0.7320675105485231,0.7551867219917012,0.6666666666666666,0.5063291139240507,0.5755395683453237,40,20,142,39,241,0.5
v5,0.7192530082825441,0.6721991701244814,0.5,0.5822784810126582,0.5380116959064327,46,46,116,33,241,0.5
v6,0.8999062353492734,0.8464730290456431,0.7560975609756098,0.7848101265822784,0.7701863354037267,62,20,142,17,241,0.5
