model,AUROC,Accuracy,Precision,Recall,F1,TP,FP,TN,FN,n,threshold
v2,0.7073761525238318,0.7385892116182573,0.6379310344827587,0.4683544303797468,0.5401459854014599,37,21,141,42,241,0.5
v3,0.7465228942022191,0.7427385892116183,0.7428571428571429,0.3291139240506329,0.4561403508771929,26,9,153,53,241,0.5
v4_swa,0.742850445382091,0.7510373443983402,0.6610169491525424,0.4936708860759494,0.5652173913043478,39,20,142,40,241,0.5
v5,0.7344897640256289,0.6680497925311203,0.4952380952380952,0.6582278481012658,0.5652173913043478,52,53,109,27,241,0.5
v6,0.9017815283638068,0.8464730290456431,0.7333333333333333,0.8354430379746836,0.7810650887573964,66,24,138,13,241,0.5
