model,AUROC,Accuracy,Precision,Recall,F1,TP,FP,TN,FN,n,threshold
v2,0.6997187060478199,0.7095435684647303,0.5616438356164384,0.5189873417721519,0.5394736842105263,41,32,130,38,241,0.5
v3,0.7415221128301297,0.7427385892116183,0.7428571428571429,0.3291139240506329,0.4561403508771929,26,9,153,53,241,0.5
v4_swa,0.7393342709798405,0.7676348547717843,0.6885245901639344,0.5316455696202531,0.6,42,19,143,37,241,0.5
v5,0.7349585872792623,0.6846473029045643,0.5154639175257731,0.6329113924050633,0.5681818181818182,50,47,115,29,241,0.5
v6,0.8974839818721675,0.8423236514522822,0.7252747252747253,0.8354430379746836,0.7764705882352941,66,25,137,13,241,0.5
