model,AUROC,Accuracy,Precision,Recall,F1,TP,FP,TN,FN,n,threshold
v2,0.7063603688076261,0.7510373443983402,0.6666666666666666,0.4810126582278481,0.5588235294117647,38,19,143,41,241,0.5
v3,0.7473042662916081,0.7427385892116183,0.7428571428571429,0.3291139240506329,0.4561403508771929,26,9,153,53,241,0.5
v4_swa,0.7479293639631192,0.7551867219917012,0.6666666666666666,0.5063291139240507,0.5755395683453237,40,20,142,39,241,0.5
v5,0.7411314267854352,0.6763485477178424,0.504950495049505,0.6455696202531646,0.5666666666666667,51,50,112,28,241,0.5
v6,0.9010782934833568,0.8547717842323651,0.7558139534883721,0.8227848101265823,0.7878787878787878,65,21,141,14,241,0.5
