model,AUROC,Accuracy,Precision,Recall,F1,TP,FP,TN,FN,n,threshold,source_file,prob_col
v2,0.6995624316299421,0.6390041493775933,0.4642857142857143,0.6582278481012658,0.5445026178010471,52,60,102,27,241,0.5,vit_v2_test_predictions.csv,y_prob
v3,0.7592592592592594,0.7676348547717843,0.7346938775510204,0.45569620253164556,0.5625,36,13,149,43,241,0.5,vit_v3_test_predictions.csv,y_prob_v3
v4_swa,0.7476949523363025,0.7261410788381742,0.5844155844155844,0.569620253164557,0.5769230769230769,45,32,130,34,241,0.5,vit_v4_final_predictions.csv,p_swa_tta
v4_ensemble,0.7202687919987498,0.6846473029045643,0.5157894736842106,0.620253164556962,0.5632183908045977,49,46,116,30,241,0.5,vit_v4_ensemble_test_predictions.csv,p_stacker
v5_fusion,0.7333177058915457,0.6887966804979253,0.524390243902439,0.5443037974683544,0.5341614906832298,43,39,123,36,241,0.5,vit_v5_test_predictions.csv,p_v5_fusion_5fold
v5_stacker,0.7264416315049226,0.6846473029045643,0.5168539325842697,0.5822784810126582,0.5476190476190477,46,43,119,33,241,0.5,vit_v5_test_predictions.csv,p_v5_stacker
v6_fusion,0.8874824191279888,0.8174273858921162,0.6923076923076923,0.7974683544303798,0.7411764705882353,63,28,134,16,241,0.5,vit_v6_test_predictions.csv,p_v6_fusion
v6_stacker,0.8861540865760275,0.8381742738589212,0.7857142857142857,0.6962025316455697,0.738255033557047,55,15,147,24,241,0.5,vit_v6_test_predictions.csv,p_v6_stacker
xrv_prior,0.6865135177371463,0.6846473029045643,1.0,0.0379746835443038,0.07317073170731707,3,0,162,76,241,0.5,vit_v6_test_predictions.csv,p_xrv_prior
