distortion,v2,v3,v4_swa,v5,v6
clean,0.46835443037974683,0.31645569620253167,0.5189873417721519,0.6455696202531646,0.8354430379746836
contrast_reduction,0.620253164556962,0.2911392405063291,0.5063291139240507,0.5822784810126582,0.7848101265822784
motion_blur,0.4810126582278481,0.3291139240506329,0.5063291139240507,0.6455696202531646,0.8227848101265823
gaussian_noise,0.46835443037974683,0.3291139240506329,0.4936708860759494,0.6582278481012658,0.8354430379746836
mixed,0.5189873417721519,0.3291139240506329,0.5316455696202531,0.6329113924050633,0.8354430379746836
