distortion,v2,v3,v4_swa,v5,v6
clean,0.6379310344827587,0.7352941176470589,0.6507936507936508,0.49514563106796117,0.75
contrast_reduction,0.47115384615384615,0.71875,0.6666666666666666,0.5,0.7560975609756098
motion_blur,0.6666666666666666,0.7428571428571429,0.6666666666666666,0.504950495049505,0.7558139534883721
gaussian_noise,0.6379310344827587,0.7428571428571429,0.6610169491525424,0.49523809523809526,0.7333333333333333
mixed,0.5616438356164384,0.7428571428571429,0.6885245901639344,0.5154639175257731,0.7252747252747253
