distortion,v2,v3,v4_swa,v5,v6
clean,0.7120643850601657,0.7483200500078138,0.7415221128301298,0.7415221128301297,0.9018596655727458
contrast_reduction,0.6759649945303954,0.7258946710423505,0.7320675105485231,0.7192530082825441,0.8999062353492734
motion_blur,0.7063603688076261,0.7473042662916081,0.7479293639631192,0.7411314267854352,0.9010782934833568
gaussian_noise,0.7073761525238318,0.7465228942022191,0.742850445382091,0.7344897640256289,0.9017815283638069
mixed,0.6997187060478199,0.7415221128301297,0.7393342709798405,0.7349585872792623,0.8974839818721675
