distortion,v2,v3,v4_swa,v5,v6
clean,0.7385892116182573,0.7385892116182573,0.7510373443983402,0.6680497925311203,0.8547717842323651
contrast_reduction,0.6473029045643154,0.7302904564315352,0.7551867219917012,0.6721991701244814,0.8464730290456431
motion_blur,0.7510373443983402,0.7427385892116183,0.7551867219917012,0.6763485477178424,0.8547717842323651
gaussian_noise,0.7385892116182573,0.7427385892116183,0.7510373443983402,0.6680497925311203,0.8464730290456431
mixed,0.7095435684647303,0.7427385892116183,0.7676348547717843,0.6846473029045643,0.8423236514522822
