distortion,v2,v3,v4_swa,v5,v6
clean,0.5401459854014599,0.4424778761061947,0.5774647887323944,0.5604395604395604,0.7904191616766467
contrast_reduction,0.5355191256830601,0.4144144144144144,0.5755395683453237,0.5380116959064327,0.7701863354037267
motion_blur,0.5588235294117647,0.45614035087719296,0.5755395683453237,0.5666666666666667,0.7878787878787878
gaussian_noise,0.5401459854014599,0.45614035087719296,0.5652173913043478,0.5652173913043478,0.7810650887573964
mixed,0.5394736842105263,0.45614035087719296,0.6,0.5681818181818182,0.7764705882352941
